{
    "appInfo": {
        "cloudService": {
            "api": "api.gizwits.com:80",
            "site": "site.gizwits.com:80"
        },
        "gizwitsInfo": {
            "appId": "a3eada19155b4f9ab68cd8461b959758",
            "appSecret": "315a4702e68f4a40b20af0fb0357731a"
        },
        "productInfo": [{
                        "productKey": "9d0835ba4078432198d073dc0b764b2f",
                        "productSecret": "fddc5cfc215d428b8c956b47441914c7"
                        }],
        "tencentInfo": {
            "appId": "your_tencent_app_id"
        },
        "weChatInfo": {
            "appId": "your_wechat_app_id",
            "appSecret": "your_wechat_app_secret"
        },
        "pushInfo": {
            "jpushAppKey": "your_jpush_app_key",
            "bpushAppKey": "your_bpush_app_key"
        }
    },
    "templateSelect": {
        "deviceList": {
            "unbindDevice": true,
            "displayMac": true
        }
    },
    "functionConfig": {
        "bindDevice_qrcode": true,
        "deviceOnboarding": {
            "config_softap": true,
            "config_airlink": true,
            "wifiModuleType": []
        },
        "login_anonymous": true,
        "login_qq": false,
        "login_weChat": false,
        "register_phoneUser": true,
        "resetPassword_phoneUser": true,
        "personalCenter_changePassword": true,
        "push_baidu": false,
        "push_jiguang": false
    },
    "viewConfig": {
        "viewColor": {
            "background": "FBDA51",
            "contrast": "333333"
        },
        "statusBarStyle": "default"
    }
}